ID,Risk,Asset,Threat,Vulnerability,Likelihood (1-5),Impact (1-5),Inherent score,Existing controls,Treatment,Planned controls (checklist IDs),Owner,Target date,Residual score,Status
R-01,Control plane outage or data loss from failure of the single management host,"Management host (DigitalOcean droplet, Frankfurt); Postgres","Hardware, disk or provider failure; bad deploy or migration","Every control plane service, database and backup runs on one host (phase 0)",3,5,15,Nightly pg_dumpall; WAL archive; health checks; customer VMs keep running without the control plane,Reduce,"114 115 117 119 120 121 (phase 1 hosting: separate app, data and workflow VMs, streaming replica)",[Operations lead],[Date],8 (L2 x I4),Open
R-02,"Backups unusable when needed: same host, not tested, previously unencrypted",Postgres dumps and WAL in /var/backups/prgd,"Host loss, ransomware, silent backup failure",Off-site copy not configured in production; no restore ever tested; no immutable copy,4,5,20,Nightly dumps kept 14 days; status file; age encryption before upload (feat/security-iso),Reduce,115 116 117 118 119,[Operations lead],[Date],8 (L2 x I4),Treatment in progress
R-03,Attacker with root on the management host deletes data and backups,Management host; backups,"Exploited service, stolen SSH key",Backups writable from the host they protect; root SSH,2,5,10,ufw default deny; NATS on WireGuard; SSH hardening (feat/security-iso),Reduce,20 26 117 118 21,[Operations lead],[Date],4 (L1 x I4),Treatment in progress
R-04,Key person dependency: one person holds most knowledge and privileges,People; all systems,"Illness, departure, unavailability during an incident",No deputy; break-glass not defined; segregation of duties not possible,3,4,12,"Runbooks in docs/; infrastructure as code (Ansible, compose)",Reduce / temporary accept,"6 23 122 (name deputies, sealed break-glass, documented runbooks)",[Management],[Date],6 (L2 x I3),"Accepted (temporary, review [Date])"
R-05,"Takeover of an owner/admin account at GitHub, DigitalOcean, Hetzner, the domain registrar or Resend",Provider accounts; source code; DNS,"Phishing, password reuse, SIM swap",MFA on provider accounts not verified or evidenced; shared logins possible,3,5,15,Personal accounts [to verify],Reduce,"9 12 15 23 (hardware keys on provider admin accounts, quarterly review)",[Security owner],[Date],8 (L2 x I4),Open
R-06,Malicious or mistaken deploy through the CI deploy key,GitHub Actions deploy secrets; management host,"Compromised workflow, fork pull request, malicious third-party action",Long-lived SSH key with sudo deploy.sh; deploy ran in parallel with CI,3,5,15,"Fork PR guard, per-job permissions, pinned host key, tag validation, forced-command deploy user (feat/security-iso)",Reduce,"79 86 88 (branch protection, environment reviewers)",[Engineering lead],[Date],8 (L2 x I4),Treatment in progress
R-07,"Compromised dependency, base image or GitHub Action",Source code; images; customer workloads,Supply chain attack,"Many npm, Go and Python dependencies; floating action tags",3,5,15,Lockfiles; pinned images in compose,Reduce,"81 87 73 80 84 (Dependabot, dependency review, SBOM, provenance, pin actions by SHA)",[Engineering lead],[Date],8 (L2 x I4),Treatment in progress
R-08,Cross-tenant network access in shared_bridge mode,Customer VMs and data; tenant private networks,"Malicious tenant (ARP spoofing, scanning, sniffing on the shared layer 2 segment)","PRIVATE_NETWORK_MODE defaults to shared_bridge: tenants share one bridge, separated by subnet and IP filter only",4,4,16,Per-VM firewall and IP filter; drop of traffic between tenant pools (feat/security-iso); production warning,Reduce,27 133 138 (switch regions to sdn_vnet before external customers),[Engineering lead],[Date],8 (L2 x I4),Treatment in progress
R-09,Container escape or cross-tenant access on shared App Platform hosts,App Platform hosts; customer apps and secrets,Malicious customer app or AI-generated code,Tenants share a Docker host; previously one Docker network; earlier root command injection in the build agent (fixed),4,5,20,"Shell quoting of build input; per-app networks, cap-drop ALL, no-new-privileges, pids limits, optional gVisor, userns-remap (feat/security-iso)",Reduce,46 47 48 49 50 51 52,[Engineering lead],[Date],12 (L3 x I4),Treatment in progress
R-10,"Customer workload reaches management services (agents on 9009, NATS, host agent, WireGuard)",Management network; platform agents,Compromised or malicious customer VM or app,Agents listen on private addresses; CONTROL_PLANE_CIDR mis-set in the past; DOCKER-USER rules new,3,5,15,CONTROL_PLANE_CIDR 10.0.0.0/12 default; DOCKER-USER drops to private ranges (feat/security-iso); WireGuard,Reduce,17 24 25 49,[Engineering lead],[Date],8 (L2 x I4),Treatment in progress
R-11,Interception of credentials on the platform agent channel,"Database passwords, S3 keys, Kubernetes join tokens",Attacker on the tenant or provider network,Agent channel is HTTP with a shared header secret,3,4,12,Agents bound to private addresses; constant-time secret compare (feat/security-iso),Reduce,55 68 (TLS or WireGuard to agents),[Engineering lead],[Date],6 (L2 x I3),Open
R-12,Exposure of sealed secrets through weak key handling,"SECRETS_KEY / JWT_SECRET; sealed TOTP seeds, tokens, customer credentials",Leak of prgd.env or a database dump,SECRETS_KEY fell back to JWT_SECRET; key in the same file as other secrets; no key ids or rotation; some customer secrets stored in plaintext,3,5,15,"AES-256-GCM secretbox; HKDF sub-keys, separate SECRETS_KEY, key ids, reseal script, sealing of plaintext customer secrets (feat/security-iso)",Reduce,56 57 58 59 63 (key-management.md),[Security owner],[Date],8 (L2 x I4),Treatment in progress
R-13,All production secrets readable by every control plane container,/etc/prgd/prgd.env,"Compromise of any one container (www, console, API)",One environment file with every secret; API and worker read all of it,3,4,12,File mode 0600; gateway gets only its own settings,Reduce,63 68 (split per service; OpenBao in phase 1),[Operations lead],[Date],6 (L2 x I3),Open
R-14,Contracted engineer misuses access to customer servers,Managed customer assets; customer data,Malicious or coerced contractor,Engineers in other countries with shell access during grants,3,5,15,Grants with approval and expiry; recordings; residency policy; IP allowlist; masking; offboarding with rotate-credential tickets,Reduce,14 22 137 145 146 148 151,[Support lead],[Date],8 (L2 x I4),Open
R-15,Engineer captures a stored sudo password through a fake prompt,Managed asset sudo passwords,Engineer with a grant,Gateway types the stored password into a prompt a program can imitate,3,3,9,Password redacted from recording; rotation on offboarding,Reduce,66 67 (prefer NOPASSWD rules for specific commands; per-asset rotation),[Support lead],[Date],6 (L2 x I3),Open
R-16,Customer account takeover,"Customer accounts, servers and data","Credential stuffing, phishing, session theft",MFA optional for non-owner members; rate limiter failed open when Redis was down,4,4,16,"argon2id; rate limits; MFA required for owners in production; lockout and per-email limits, fail-closed auth limits (feat/security-iso)",Reduce,9 16 34 35 40 105,[Engineering lead],[Date],9 (L3 x I3),Treatment in progress
R-17,Staff or back office account takeover gives access to every tenant,Back office; all customer data,"Phishing, stolen session",Staff are customer accounts with a flag; back office on the public hostname,3,5,15,"Staff TOTP required; staff idle timeout, IP allowlist, admin tokens ≤ 24h, staff reads audited (feat/security-iso)",Reduce,9 11 18 21 137,[Security owner],[Date],8 (L2 x I4),Treatment in progress
R-18,Console session token stolen through cross-site scripting,Console sessions,XSS in console or a dependency,Session token in browser storage,3,4,12,React escaping; CSP for console (feat/security-iso); 24h sessions with idle timeout,Reduce,40 41 44 (consider HttpOnly cookie sessions),[Engineering lead],[Date],6 (L2 x I3),Treatment in progress
R-19,Connect AI agent performs harmful actions after prompt injection,Customer infrastructure and connected systems,Injected instructions in data the agent reads,Agents call tools with customer credentials,3,4,12,Approvals for mutating tools and server_power; SSRF guard; secret redaction; spend caps; scoped tokens (docs/connect.md),Reduce,46 53 54,[Engineering lead],[Date],6 (L2 x I3),Open
R-20,Customer data processed by the AI model provider,Prompts and data sent to Connect agents,Provider breach or misuse,Data leaves to a US subprocessor when customers use Connect,3,3,9,Disclosed in subprocessor list and privacy policy; only when the customer runs agents; secret variables never sent to the model,Reduce / transfer,"127 128 (DPA and zero-retention terms with the provider, to verify)",[Privacy lead],[Date],6 (L2 x I3),Open
R-21,"Platform used for abuse (phishing, malware, spam, mining, attacks)",IP reputation; provider accounts; brand,"Abusive customers, AI-generated phishing sites",New accounts can run workloads quickly,4,4,16,Prepaid gate; KYC and fraud scoring (trust module); AUP; outbound SMTP 25 blocked by default (feat/security-iso),Reduce,28 35 36 52,[Support lead],[Date],9 (L3 x I3),Treatment in progress
R-22,Payment fraud and chargebacks,Revenue; payment provider accounts,"Stolen cards, promo and credit abuse",Card-not-present payments; affiliate payouts,4,3,12,Stripe and Moyasar fraud screening; prepaid requirement; promo code rate limits,Reduce,"35 36 (velocity rules, review of high-risk sign-ups)",[Finance lead],[Date],6 (L3 x I2),Open
R-23,Production runs with the fake payment provider or default secrets,Billing; credit balances,Configuration error,Defaults are development values,2,4,8,Ansible template sets the real provider; production refuses default and weak secrets (feat/security-iso),Reduce,64 88,[Engineering lead],[Date],4 (L1 x I4),Treatment in progress
R-24,DDoS against the single public edge,"Website, console, API, gateway",Volumetric or application-layer DDoS,One Caddy instance on one host; no CDN or WAF,4,4,16,Provider network filtering; rate limits,Reduce,31 32 33 34 37,[Operations lead],[Date],9 (L3 x I3),Open
R-25,Broken authorization lets one customer read or change another's resources,All customer resources,Authenticated attacker probing IDs,"Authorization gaps found in review (R1-R8: SSH key scopes, project-scoped tokens, approvals escalation, SSE, firewall detach, non-public images)",3,5,15,Team/project scoping; fixes R1-R8 and tenant isolation test suite (feat/security-iso),Reduce,38 39 42 45 133 134 138 157,[Engineering lead],[Date],8 (L2 x I4),Treatment in progress
R-26,Exploitation of unpatched hosts or platform software,"Proxmox nodes, management host, images",Public exploit,No patch SLA; no host scanning,3,4,12,unattended-upgrades on the management host; patching playbook for managed assets,Reduce,70 72 74 89 92 95 96,[Operations lead],[Date],6 (L2 x I3),Treatment in progress
R-27,"Attacks go unnoticed: no central logging, SIEM or alerting",Logs; detection capability,Any attacker,Logs are local Docker JSON files; no alert rules,4,4,16,Audit table; JSON access logs (feat/security-iso),Reduce,97 98 104 105,[Operations lead],[Date],9 (L3 x I3),Open
R-28,Audit trail altered to hide activity,prgd_audit_logs,Privileged insider or attacker with database access,Audit rows could be updated or deleted,2,4,8,Append-only trigger and hash chain (feat/security-iso),Reduce,102 (regular export of chain heads off the host),[Security owner],[Date],4 (L1 x I4),Treatment in progress
R-29,"Supplier concentration: suspension or failure of DigitalOcean, Hetzner or GitHub stops the platform","Hosting, code and image registry","Provider outage, account suspension after abuse complaints or payment failure",Single provider per layer; no tested exit,3,5,15,Infrastructure as code; images can be rebuilt,Reduce,122 129 130 (exit plans; backups at a second provider; abuse handling within provider deadlines),[Management],[Date],8 (L2 x I4),Open
R-30,Loss of customer VMs after a Proxmox node failure,Customer VM disks,Disk or server failure at Hetzner,First node uses local LVM thin; snapshots on the same node; no off-host backup,4,4,16,RAID 1; snapshots,Reduce,"115 117 (Ceph replication, Proxmox Backup Server or Storage Box; do not advertise backups before)",[Operations lead],[Date],8 (L2 x I4),Open
R-31,Customer data left on returned or failed disks,Hetzner servers and disks,Next tenant of an auction server; disk RMA,Rented hardware returns to the provider,3,4,12,Provider states it wipes disks [to verify],Reduce,62 144 (wipe before cancellation; disk encryption planned),[Operations lead],[Date],4 (L1 x I4),Open
R-32,Saudi data protection: transfers outside the Kingdom without the required basis,Personal data of Progrid Arabia customers,Regulatory action under PDPL,All hosting is in Germany while region sa1 is named Saudi Arabia 1,3,4,12,Privacy policy discloses hosting in Germany; residency claim removed from the website,Reduce,110 131 (legal review of PDPL transfer rules; Saudi hosting plan),[Privacy lead],[Date],6 (L2 x I3),Open
R-33,Late or missing breach notification,Customer trust; regulatory standing,Incident without a working process,No tested incident process; contacts not named,3,4,12,DPA and privacy policies state 72-hour commitments,Reduce,106 107 108 109 110 111 113,[Privacy lead],[Date],6 (L2 x I3),Open
R-34,NCA control applicability not assessed,Sales to Saudi government and regulated sectors,Contract or regulatory requirement,No formal applicability assessment,3,3,9,Domain-level mapping (nca-mapping.md),Reduce,1 5 160 (formal NCA applicability and gap assessment),[Management],[Date],4 (L2 x I2),Open
R-35,Invoices of Progrid Arabia not compliant with ZATCA e-invoicing,Billing records,Regulatory penalty,Phase 2 e-invoicing not built (docs/readiness-review.md A1),4,3,12,Flag on invoices only,Reduce,— (business control: e-invoicing provider before the first SAR invoice),[Finance lead],[Date],3 (L1 x I3),Open
R-36,Leak of Git Deploy credentials gives access to customer repositories,GitHub App private key; customer git tokens,"Log leak, database dump",Tokens could appear in build logs; some stored in plaintext,2,4,8,GitHub App installation tokens are short lived; token redaction in build logs and sealing at rest (feat/security-iso),Reduce,54 63 69,[Engineering lead],[Date],4 (L1 x I4),Treatment in progress
R-37,Exploitation of the internet-facing terminal gateway,prgd-gateway; managed assets,Attack on the WebSocket endpoint; host key spoofing,Gateway faces the internet; first-use host key trust without known_hosts,3,4,12,One-time tokens; origin allowlist; certificates pinned to the gateway address; only its own settings,Reduce,"19 78 (known_hosts in production, gateway in pen test scope)",[Operations lead],[Date],6 (L2 x I3),Open
R-38,Customer DNS zones changed through the PowerDNS API,PowerDNS; customer zones,Attacker on the internal network,PowerDNS webserver allowed from 0.0.0.0/0 on the compose network,2,4,8,API key; not published by Caddy; restriction of the API (feat/security-iso),Reduce,24 25,[Operations lead],[Date],3 (L1 x I3),Treatment in progress
R-39,Staff access customer data without need,Customer account and billing data,Curious or malicious insider,Back office reads were not logged,2,4,8,Staff areas; ops masking; every back-office read audited (feat/security-iso),Reduce,10 15 137,[Privacy lead],[Date],4 (L1 x I4),Treatment in progress
R-40,Compromise of an administrator's laptop,"SSH keys, provider sessions, ansible vault password","Malware, theft",No endpoint baseline; keys stored as files,3,5,15,[to verify per person],Reduce,"143 147 148 (endpoint baseline: disk encryption, screen lock, updates, keys on hardware tokens)",[Security owner],[Date],8 (L2 x I4),Open
R-41,"Personal data kept longer than the privacy policy allows, or not deleted within 30 days of closure","Account, audit, webhook, session data",Regulatory complaint,Purge jobs did not exist; no account deletion,3,3,9,Purge jobs and account deletion/anonymisation (feat/security-iso),Reduce,61 62 135,[Privacy lead],[Date],4 (L2 x I2),Treatment in progress
R-42,Workflow engine failure or data corruption,Temporal (auto-setup image on the app database),Upgrade or schema error,Development image used in production; single worker,3,3,9,Workflows retry; state in Postgres,Reduce,72 120 (production Temporal deployment in phase 1),[Operations lead],[Date],4 (L2 x I2),Open
